{
    "camera_matrix": [
        [
            12176.326416247606,
            0.0,
            1258.1438422161675
        ],
        [
            0.0,
            12242.19075328819,
            554.594362354945
        ],
        [
            0.0,
            0.0,
            1.0
        ]
    ],
    "distortion_coeffs": [
        [
            -1.3775386694457006,
            -61.726760028865804,
            -0.0044376780618425185,
            -0.07869308908511817,
            0.6265426154002713
        ]
    ],
    "new_camera_matrix": [
        [
            12076.5107421875,
            0.0,
            1252.9081819158891
        ],
        [
            0.0,
            12074.333984375,
            552.4074318464409
        ],
        [
            0.0,
            0.0,
            1.0
        ]
    ],
    "perspective_transformation": [
        [
            0.9941802681159632,
            0.01857631587236223,
            -2.4955605374205683
        ],
        [
            -0.020279352746304085,
            0.995078866591804,
            5.918502043401208
        ],
        [
            -1.0152729778820658e-06,
            -1.0501065502532467e-06,
            1.0
        ]
    ],
    "ppmm": 20.064615850879242
}